first_name,last_name,title,salary
Bernt,Erie,Senior Staff,106905
Nobuyoshi,Kuzuoka,Senior Staff,104610
Heejo,Frolund,Senior Staff,103579
Wayne,Restivo,Staff,101271
Yannis,Mandell,Senior Staff,100715
Domenico,Imataki,Senior Staff,99680
Shuji,Molberg,Senior Staff,99444
Luigi,Brookner,Senior Staff,98333
Sverrir,Streng,Senior Staff,98251
Urs,Danley,Senior Staff,97936
Shao,Ibel,Senior Staff,97610
Tzu,Delaune,Staff,97213
Xinglin,Eugenio,Staff,96750
DAIDA,Pehl,Senior Staff,96023
Tonia,Casley,Senior Staff,94760
Gita,Muhlberg,Staff,94687
Radhia,Kriebel,Engineer,94495
Masasuke,Hashii,Senior Staff,94203
Dante,Kalafatis,Senior Staff,93329
Dung,Baca,Senior Staff,93159
Arun,Azevdeo,Senior Staff,92931
Arno,Kumaresan,Senior Staff,92925
Amalendu,Gronowski,Senior Staff,91628
Debatosh,Khasidashvili,Senior Staff,91622
Raimond,Kirkerud,Senior Staff,91484
Kwangsub,Setia,Senior Staff,91262
Itzchak,Lichtner,Senior Staff,90741
Mostafa,Serdy,Senior Staff,90243
Rance,Picel,Staff,89747
Marko,Auria,Senior Staff,89606
Yaghout,Syang,Staff,89495
Freyja,Brizzi,Senior Staff,89345
Susanna,Vesel,Senior Staff,88991
Maja,Breugel,Senior Staff,88768
Tadahiro,Fordan,Senior Staff,88741
Xiadong,Perry,Staff,88740
Reinhard,Lindenbaum,Staff,88498
Xiaopeng,Lanphier,Senior Staff,88410
Charlene,Brattka,Senior Staff,87964
Yuchang,Lunt,Senior Staff,87439
Lalit,Francisci,Staff,87045
Guenter,Ravishankar,Staff,86819
Marc,Hellwagner,Staff,86671
Kazuhira,Rosis,Staff,86407
Teiji,Mitzlaff,Senior Staff,86261
Dmitri,Pearson,Engineer,86164
Ronnie,Provine,Senior Staff,86011
Subhrajyoti,Jayawardene,Senior Staff,85969
Shrikanth,Mahmud,Senior Staff,85757
Moon,Yetto,Staff,85737
Zorica,Acton,Engineer,85720
Yefim,Spell,Staff,85550
Apostol,Pintelas,Senior Staff,85058
Demin,Melter,Senior Staff,84770
Arunachalam,Bakhtari,Senior Staff,84584
Supot,Naudin,Senior Staff,84206
Suzette,Pettey,Assistant Engineer,83733
Atreyi,Mungall,Senior Staff,83609
Siddarth,Krychniak,Senior Staff,83256
Dipankar,Lamba,Staff,82994
Ekawit,Peyn,Senior Staff,82665
Theron,Mullainathan,Senior Staff,82557
Zissis,Pintelas,Senior Staff,82420
Toong,Driscoll,Technique Leader,82330
Szabolcs,Nivat,Senior Staff,82308
Rimli,Alencar,Engineer,82255
Gal,Karcich,Senior Staff,82217
Tayeb,Ebeling,Staff,82102
Sorina,Herber,Staff,81900
Woody,Spataro,Senior Staff,81756
Vivian,Kusakabe,Senior Staff,81662
Magy,Stamatiou,Senior Staff,81662
Somnath,Foote,Senior Staff,81613
Behnaam,Srimani,Engineer,81562
Larisa,Bage,Senior Staff,81380
Hiroyasu,Wursthorn,Senior Staff,81323
Pintsang,Erni,Senior Staff,81257
Stein,Penz,Senior Staff,81191
Chuanti,Karlin,Senior Staff,80879
Sugwoo,Dulin,Senior Staff,80674
Selwyn,Perri,Technique Leader,80474
Susumu,Bade,Staff,80469
Janche,Zhang,Assistant Engineer,80458
Yuriy,Clemencon,Engineer,80125
Georgy,Dredge,Staff,80024
Jaihie,Nollmann,Engineer,79916
Gaetan,Bondorf,Senior Staff,79632
Mandell,Bahi,Staff,79580
Karoline,Cesareni,Senior Staff,79474
Palash,Speel,Staff,79354
Khosrow,Sudbeck,Senior Staff,79320
Subhankar,Reeken,Senior Staff,79215
Garnet,Isard,Senior Staff,79207
Christophe,Slobodova,Staff,78730
Nagui,Kaminger,Senior Staff,78620
Rayond,Cronau,Senior Staff,78613
Bingning,Bakhtari,Staff,78571
Charmane,Ducloy,Senior Staff,78515
Jiong,Parfitt,Assistant Engineer,78510
Zhonghua,Reeker,Senior Staff,78258
Kyoichi,Maliniak,Senior Staff,78228
Shridhar,Pleszkun,Staff,78157
Aamod,Radwan,Staff,78088
Changho,Jayawardene,Senior Engineer,78081
Giordano,Zaccaria,Senior Staff,77997
Fumitaka,Peak,Senior Staff,77892
Jaideep,Pews,Senior Engineer,77791
Petter,Lorho,Senior Staff,77788
Herb,Cooley,Senior Staff,77539
Tremaine,Pileggi,Senior Staff,77527
Kiyomitsu,Peltason,Staff,77435
Naraig,Kugler,Senior Staff,77274
Gina,Engelmann,Senior Staff,76973
Kerryn,Vigier,Staff,76685
Ipke,Stentiford,Senior Staff,76484
Martijn,Kaiser,Staff,76369
Danco,Etalle,Staff,76287
Souichi,Ramsay,Engineer,76253
Mooi,Driscoll,Senior Staff,75986
Taiji,Ozeki,Senior Staff,75765
Anyuan,Zhiwei,Technique Leader,75661
Adib,Rullman,Engineer,75473
Pranas,Benaini,Senior Staff,75403
Joydip,Gini,Senior Staff,75397
Karlis,Siprelle,Senior Staff,75381
Takahira,Lichtner,Senior Staff,75311
Tesuya,Slaats,Engineer,75182
Baocai,Lieblein,Senior Staff,75148
Hyuncheol,Zolotykh,Senior Staff,74949
Breannda,Billingsley,Senior Staff,74686
Shunichi,McAffer,Senior Staff,74595
Kersti,Bergere,Staff,74477
Yinghua,Dredge,Senior Staff,74366
True,Ebeling,Engineer,74339
Zhensheng,Juneja,Engineer,74318
Remko,Maccarone,Engineer,73874
Quingbo,Garnick,Senior Staff,73785
Rajmohan,Wallrath,Engineer,73618
Tristan,Manderick,Senior Staff,73549
Mari,Picht,Senior Staff,73509
Vincent,Schwartzbauer,Engineer,73505
Vitaly,Picci,Staff,73486
Gian,Juneja,Staff,73416
Kristian,Sudkamp,Senior Staff,73262
Laurentiu,Farris,Staff,73254
Navid,Falck,Engineer,73024
Uta,Narahari,Senior Staff,72686
Mara,Bahi,Engineer,72601
Duangkaew,Piveteau,Engineer,72488
Geoffrey,Claffy,Senior Staff,72342
Aleksandar,Ananiadou,Staff,72285
Marie,Boreale,Engineer,72192
Xinan,Yamaashi,Senior Staff,72118
Lakshmi,Deville,Staff,72102
Taegyun,Speckmann,Staff,72092
Weiwu,Choobineh,Engineer,72047
Matt,Jumpertz,Engineer,72028
DeForest,Flasterstein,Staff,71752
Constantino,Ghandeharizadeh,Senior Staff,71642
Hinrich,Randi,Assistant Engineer,71524
Tommaso,Narwekar,Senior Staff,71454
Aris,Iwayama,Assistant Engineer,71446
Cristinel,Bouloucos,Senior Staff,71380
Irene,Radhakrishnan,Senior Staff,71305
Sudhanshu,Pietracaprina,Senior Staff,71269
Sastry,Verspoor,Senior Staff,71216
Kazuhito,Cappelletti,Staff,70889
Shaleah,Neiman,Staff,70811
Vidar,Hutton,Engineer,70724
Yunming,Beetstra,Engineer,70720
Mohan,Limongiello,Engineer,70700
Rimon,Sury,Technique Leader,70468
Satyanarayana,Cochrane,Staff,70434
Sampalli,Snedden,Engineer,70303
Gererd,Laventhal,Senior Staff,70288
Guther,Nooteboom,Senior Staff,70221
Giap,Bolsens,Engineer,70160
Takushi,Bolsens,Senior Staff,70157
Sajjan,Szilard,Engineer,70155
Zhenbing,Perng,Engineer,70122
Krister,Rahimi,Assistant Engineer,70107
Chanjung,Portugali,Engineer,70043
Lorien,Pelc,Senior Staff,70015
Bodo,Usdin,Engineer,69882
Jaewon,Syrzycki,Engineer,69856
Gopalakrishnan,Unno,Senior Staff,69853
Tuval,Kalloufi,Engineer,69811
Kwee,Schusler,Assistant Engineer,69736
Izaskun,Lamba,Senior Staff,69706
Tsz,Seuren,Engineer,69700
Kaijung,Riesenhuber,Senior Staff,69604
Willard,Rosin,Staff,69568
Kazuyasu,Kushner,Engineer,69516
Fei,Wendorf,Engineer,69470
Keung,Slobodova,Senior Staff,69341
Uno,Chimia,Senior Staff,69278
Billie,Ecklund,Engineer,69252
Kamran,Montemayor,Senior Engineer,69160
Sachin,Peot,Staff,69109
Soenke,Uhrig,Staff,69056
Uli,Keustermans,Senior Staff,68993
Froduald,Tzvieli,Senior Staff,68936
Unal,Fendler,Technique Leader,68913
JoAnna,Taubman,Senior Staff,68797
Valter,Sullins,Senior Staff,68781
Moni,Peha,Senior Engineer,68728
Bouchung,Armand,Senior Engineer,68680
Shaowei,Iisaku,Senior Staff,68677
Tse,Herber,Senior Staff,68577
Berto,McFarlin,Senior Engineer,68529
Boriana,Coors,Engineer,68487
Duro,Sidhu,Senior Staff,68334
Takanari,Kamber,Senior Staff,68224
Akemi,Birch,Engineer,68158
Djelloul,Laventhal,Senior Staff,68132
Jixiang,Verhaegen,Senior Staff,68001
Tua,Pluym,Staff,67981
Margareta,Bierman,Technique Leader,67932
Takahiro,Waterhouse,Staff,67883
Sailaja,Desikan,Staff,67856
Sanjiv,Zschoche,Senior Staff,67854
Eldridge,Eastman,Staff,67809
Gudjon,Ratzlaff,Senior Staff,67685
Thodoros,Samarati,Engineer,67679
Demos,Mateescu,Senior Staff,67611
Deborah,Baar,Engineer,67601
Tonny,Impagliazzo,Senior Staff,67591
Zhiguo,Zielinski,Senior Engineer,67543
Francesca,Mayerwieser,Senior Staff,67511
Bernardo,Rouquie,Engineer,67499
Emdad,Kading,Senior Staff,67458
Shim,Wiegley,Technique Leader,67405
Murthy,Covnot,Senior Staff,67393
Maya,Snedden,Senior Staff,67232
Vishwani,Petersohn,Staff,67103
Elvis,Demeyer,Engineer,66956
Arra,Ratnakar,Engineer,66930
Zine,Mateescu,Senior Staff,66924
Mana,Papastamatiou,Engineer,66898
Garnik,Narahari,Senior Staff,66740
Stabislas,Delgrange,Staff,66695
Adly,Vural,Staff,66650
Abdelkader,Lanzelotte,Senior Staff,66622
Perla,Heyers,Staff,66591
Ung,Zaiane,Staff,66480
Ortrun,Lanzelotte,Staff,66462
Rutger,Miara,Senior Engineer,66448
Hailing,Thummel,Senior Engineer,66437
Lidong,Klerer,Senior Staff,66415
Shahab,Peng,Senior Staff,66401
Martins,Barriga,Engineer,66067
Gladys,Porenta,Senior Staff,66045
Jungsoon,Syrzycki,Senior Staff,65957
Kristina,Vasanthakumar,Engineer,65863
Bezalel,Simmel,Staff,65828
Arunas,Luce,Technique Leader,65757
Barry,Boyle,Senior Staff,65686
Muzhong,Chleq,Senior Engineer,65651
Remmert,Kirkerud,Senior Staff,65525
Jianhua,Leivant,Senior Staff,65502
Toshiko,Parascandalo,Engineer,65420
Masoud,Fabrizio,Engineer,65405
Tiina,Speek,Senior Staff,65330
Haldun,Iisaka,Senior Staff,65177
Cullen,Nations,Senior Staff,65175
Nikolaos,Llado,Staff,65146
Gennady,Menhoudj,Senior Staff,65018
Djenana,Huttel,Senior Staff,64988
Josyula,Hofmeyr,Senior Staff,64941
Mohd,Dratva,Senior Staff,64887
Xiahua,Syrzycki,Senior Staff,64879
Rafols,Zhiwei,Technique Leader,64833
Gift,Apsitis,Senior Staff,64700
Bluma,Zeilberger,Senior Engineer,64663
Reinhold,Farrow,Technique Leader,64450
Mario,Straney,Engineer,64363
Seshu,Sidou,Senior Staff,64213
Aemilian,Ohori,Staff,64204
Kwangyoen,Ramsay,Staff,64013
Xiaoqiu,Krychniak,Senior Staff,63861
IEEE,Schapire,Senior Staff,63858
Roddy,Garnick,Engineer,63822
Koichi,Lakshmanan,Senior Engineer,63813
Beshir,Kisuki,Engineer,63795
Utz,Perng,Technique Leader,63757
Pramod,Rabehasaina,Engineer,63707
Hilari,Morton,Senior Staff,63668
Abdulla,Beutelspacher,Technique Leader,63662
Bogdan,Homond,Senior Staff,63596
Hyuckchul,Gini,Senior Staff,63565
Arlette,Mikschl,Assistant Engineer,63552
Naftali,Birge,Senior Engineer,63418
Chinya,Birdsall,Engineer,63324
Yongdong,Rosen,Engineer,63264
Goa,Rothe,Staff,63248
Qunsheng,Tagansky,Technique Leader,63243
Otmar,Herbst,Engineer,63163
Narain,Oaver,Engineer,63061
Douadi,Azumi,Staff,63021
Mahendra,Maraist,Staff,63005
Sachem,Egerstedt,Senior Staff,63002
Huiqun,Vuskovic,Senior Staff,62973
Fumino,Luca,Engineer,62968
Denis,Coullard,Staff,62954
Eben,Aingworth,Engineer,62928
Carrsten,Schmiedel,Engineer,62922
Weidon,Pews,Senior Staff,62901
Srinidhi,Henders,Staff,62670
Phule,Hammerschmidt,Senior Staff,62656
Angus,Chelton,Senior Engineer,62604
Pranay,Eugenio,Senior Staff,62575
Ulf,Siepmann,Senior Staff,62565
Zsolt,Salinas,Senior Staff,62494
Hitofumi,Schaad,Senior Staff,62465
Gio,Lally,Senior Staff,62452
Jolita,Jarecki,Engineer,62401
Christ,Muchinsky,Senior Engineer,62365
Rafail,Passafiume,Staff,62352
Goo,Basart,Senior Staff,62245
Fan,Fairtlough,Engineer,62199
Shugo,Zallocco,Senior Engineer,62132
Fatemeh,Reeken,Staff,62114
Bangqing,Atrawala,Staff,62108
Tetsurou,Rodham,Senior Engineer,62015
Cheong,Coors,Senior Staff,61892
Xiping,Klerer,Staff,61890
Jacopo,Swiler,Staff,61803
Alair,Rosenbaum,Senior Staff,61743
Kiam,Condotta,Assistant Engineer,61739
Mokhtar,Bernatsky,Technique Leader,61714
Youngkon,Maierhofer,Engineer,61656
Poornachandra,Rotem,Senior Staff,61626
Ayakannu,Skrikant,Staff,61590
Fusako,Stenning,Senior Staff,61549
Ioana,Kirkerud,Assistant Engineer,61475
Halsur,Chinen,Senior Staff,61444
Jayson,Mandell,Engineer,61395
Yucel,Auria,Senior Staff,61352
Gaurav,Penz,Engineer,61295
Radhakrishnan,Socorro,Assistant Engineer,61197
Doowon,Ermel,Assistant Engineer,61097
Collette,Copas,Engineer,61094
Jongsuk,Lorin,Staff,61035
Junsik,Rijckaert,Senior Staff,60978
Jahangir,Laventhal,Senior Staff,60970
Sumant,Peac,Assistant Engineer,60929
Alper,Suomi,Engineer,60879
Lobel,Kumaresan,Engineer,60838
King,Brendel,Engineer,60829
Moto,Kusakari,Senior Staff,60762
Arne,Grabner,Staff,60761
Oddvar,Schlenzig,Senior Engineer,60672
Zongyan,Cusworth,Senior Staff,60601
Subbu,Riexinger,Staff,60589
Nalini,Kawashimo,Engineer,60522
Maris,Angelopoulos,Engineer,60494
Troy,Shokrollahi,Staff,60481
Chenyi,Syang,Staff,60394
Chriss,Gide,Engineer,60389
George,Lyonns,Assistant Engineer,60374
Udo,Lores,Staff,60303
Aleksander,Danlos,Engineer,60268
Shen,Brattka,Senior Staff,60222
Alagu,Boyle,Staff,60212
Abdelghani,Fraisse,Engineer,60152
Georgi,Facello,Senior Engineer,60117
Richard,Marshall,Staff,60112
Parke,Lammel,Staff,59907
Gay,Taneja,Engineer,59882
Holgard,McAlpine,Engineer,59803
Leszek,Petereit,Engineer,59732
Dzung,Holburn,Senior Staff,59715
Nikolaus,Lenart,Staff,59714
Mrinalini,Ponthieu,Technique Leader,59709
Luerbio,Boudaillier,Engineer,59689
JoAnne,Falco,Engineer,59646
Shuky,Pearson,Engineer,59596
Rasikan,Portugali,Engineer,59560
Luise,McFarlan,Senior Staff,59540
Isaac,Schwartzbauer,Senior Staff,59534
Shaz,Kabayashi,Staff,59531
Badri,Furudate,Engineer,59520
Arnd,Anandan,Senior Engineer,59506
Vasilii,Luit,Senior Engineer,59501
Junichi,Kavanagh,Engineer,59438
Oldrich,Henders,Assistant Engineer,59403
Nidapan,Dymetman,Senior Staff,59378
Wonhee,Pouyioutas,Senior Staff,59332
Jouni,Lenart,Engineer,59275
Dinkar,Walston,Senior Staff,59117
Padma,Pollacia,Senior Staff,59022
Khalil,Manders,Technique Leader,58964
Jouko,Yamaashi,Senior Engineer,58951
Frederique,Tempesti,Senior Staff,58918
Kish,Fasbender,Staff,58883
Shuichi,Sluis,Engineer,58854
Sanjit,Coors,Senior Staff,58689
Mingzeng,Heinisuo,Senior Engineer,58670
Limsoon,McConalogue,Senior Staff,58591
Jeanne,Beutelspacher,Technique Leader,58583
Brigham,Moehrke,Assistant Engineer,58516
Kristinn,Vendrig,Senior Staff,58494
Uinam,Stasinski,Senior Staff,58483
Mamdouh,Brendel,Staff,58413
Sajjad,Willoner,Senior Engineer,58389
Tadahiko,Ciolek,Senior Staff,58341
Ulises,Takanami,Engineer,58321
Saeed,Kitai,Senior Staff,58253
Shigeichiro,Wroclawski,Senior Staff,58253
Syozo,Hiltgen,Staff,58249
Yechezkel,Pews,Staff,58241
Faiza,Baer,Senior Staff,58239
Valeri,Danley,Engineer,58226
Kokou,Iisaka,Senior Staff,58221
Mahmut,Skafidas,Technique Leader,58145
Yishai,Cannane,Staff,58070
Miomir,Mawatari,Engineer,58042
Tamiya,Luders,Engineer,58018
Arumugam,Ossenbruggen,Senior Staff,58001
Yolla,Ellozy,Senior Staff,57996
KayLiang,Leivant,Senior Staff,57996
Yucai,Granlund,Engineer,57821
Hauke,dAstous,Engineer,57752
Arup,Morrey,Engineer,57709
Wuxu,Farrar,Engineer,57645
Stepehn,Hardjono,Staff,57599
Munenori,Markovitch,Senior Engineer,57590
Candido,Pesch,Staff,57561
Shahid,Leppanen,Senior Engineer,57493
Yechiam,Sambasivam,Senior Staff,57487
Genevieve,Pokrovskii,Staff,57435
Dipayan,Seghrouchni,Senior Staff,57430
Serge,Joslin,Senior Staff,57319
Pasqua,Hoogerwoord,Senior Staff,57304
Heping,Nitsch,Senior Staff,57212
Xiaocheng,Kandlur,Senior Staff,57206
Mohamadou,Smailagic,Senior Staff,57135
Nevin,Petereit,Engineer,57117
Jeanna,Riesenhuber,Senior Staff,57076
Bokyung,Melski,Senior Staff,57033
Alejandra,Perng,Engineer,56994
Zhigen,Katzenelson,Senior Engineer,56977
Suebskul,Srimani,Engineer,56923
Uri,Lenart,Senior Staff,56893
Weicheng,Crelier,Senior Engineer,56878
Tran,Fiutem,Staff,56827
Elvia,Homond,Engineer,56739
Tzvetan,Zielinski,Senior Staff,56724
Marla,Brendel,Senior Staff,56720
Rasiah,Deyuan,Senior Engineer,56705
Yuqun,Seiwald,Engineer,56677
Nitsan,Porenta,Senior Staff,56608
Huican,Katalagarianos,Engineer,56563
Shir,McClurg,Engineer,56473
Sudharsan,Flasterstein,Senior Staff,56469
Toshimi,Shinomoto,Engineer,56463
Baoqiu,Vecchi,Senior Staff,56447
Zhanqiu,Botman,Senior Staff,56344
Foong,Flasterstein,Engineer,56292
Mitchel,Validov,Senior Engineer,56198
Gonzalo,Eldridge,Technique Leader,56139
Noritoshi,Bojadziev,Engineer,56064
Lijie,Lunn,Senior Staff,56062
Muneo,Papsdorf,Senior Engineer,56005
Reuven,Garigliano,Technique Leader,55999
Almudena,Alvarado,Staff,55997
Elrique,Raney,Engineer,55955
Insup,Benveniste,Technique Leader,55946
Becky,Schlenzig,Senior Staff,55943
Constantine,Farrar,Engineer,55940
Kazuhide,Peha,Engineer,55881
Arto,Binkley,Senior Staff,55800
Zhongwei,Rosen,Engineer,55786
Lenore,Comyn,Staff,55714
Anoosh,Peyn,Engineer,55685
Kellyn,Daescu,Staff,55571
Make,Peir,Technique Leader,55548
Ravishankar,Benveniste,Senior Staff,55535
Jiakeng,Himler,Staff,55318
Shichao,Litvinov,Senior Engineer,55299
Goh,Capobianchi,Staff,55293
Sergi,Tomescu,Engineer,55252
Masami,Marchegay,Senior Staff,55133
Hidde,Hettesheimer,Staff,55131
Stamatina,Matheson,Senior Engineer,55068
Francoise,Poehlman,Senior Staff,55028
Ramzi,Erde,Technique Leader,55025
Rosalyn,Hambrick,Engineer,55024
Zvonko,Nyanchama,Engineer,54982
Kien,Mellouli,Engineer,54933
Premal,Baek,Senior Staff,54916
Frazer,Ullian,Staff,54887
Dines,Gerlach,Engineer,54763
Roded,Facello,Engineer,54734
Sreenivas,Bashian,Senior Staff,54732
Constantijn,Gruenwald,Engineer,54678
Pascal,Sooriamurthi,Engineer,54631
Akeel,Narahara,Technique Leader,54615
Mircea,Delgrande,Senior Engineer,54602
Houman,Unno,Engineer,54496
Lihong,Massonet,Engineer,54491
Niteen,Koyama,Engineer,54459
Bowen,Beznosov,Engineer,54456
Hatem,Raczkowsky,Staff,54453
Yakichi,Tzvieli,Senior Engineer,54402
Hironobu,Haraldson,Senior Staff,54398
Goetz,Norsworthy,Staff,54339
Katsuyuki,Velasco,Engineer,54260
Cedric,Bala,Engineer,54246
Heekeun,Majewski,Assistant Engineer,54246
Shooichi,Escriba,Senior Staff,54156
Valdiodio,Niizuma,Engineer,53977
Gadiel,Vendrig,Engineer,53929
Susuma,Larfeldt,Engineer,53922
Rafael,Schrift,Staff,53911
Arch,Minakawa,Engineer,53785
Yonghong,Himler,Senior Staff,53771
Lokesh,Poehlman,Assistant Engineer,53703
Sham,Eastman,Engineer,53680
Perry,Shimshoni,Engineer,53574
Basim,Bhattacharjee,Engineer,53552
Emran,Rettelbach,Senior Staff,53535
Rosita,Oppitz,Technique Leader,53510
Anneli,Kaiser,Technique Leader,53497
Kshitij,Gils,Technique Leader,53492
Radhika,Motley,Technique Leader,53370
Eishiro,Miyakawa,Engineer,53367
Van,Lagarias,Senior Staff,53310
Hongzue,Heijenga,Engineer,53305
Xianlong,Kuzuoka,Assistant Engineer,53170
Danai,Chachaty,Staff,53160
Ranan,Weedon,Engineer,53141
Uwe,Garnier,Assistant Engineer,53087
Prodip,Schusler,Assistant Engineer,53031
Yoshinari,Kalloufi,Technique Leader,53029
Rildo,Straney,Senior Staff,53020
Shem,Senzako,Staff,52934
Serif,Buescher,Senior Engineer,52881
Chaoyi,Porotnikoff,Senior Staff,52849
Persi,Nollmann,Senior Staff,52825
Berhard,McFarlin,Senior Staff,52787
Girolamo,Anandan,Engineer,52783
Mototsugu,Gire,Engineer,52764
Pohua,Sessa,Engineer,52725
Niclas,Dayang,Senior Staff,52695
Menkae,Mikschl,Engineer,52639
Toshimori,Bahi,Senior Staff,52633
Kinh,Engelmann,Senior Staff,52620
Hirochika,Piancastelli,Engineer,52550
Adin,Chachaty,Senior Staff,52474
Juichirou,Kitsuregawa,Senior Staff,52462
Shaw,Wendorf,Senior Staff,52444
Kiyotoshi,Blokdijk,Senior Engineer,52284
Candida,Porotnikoff,Staff,52224
Torsten,Swan,Senior Engineer,52176
Lech,Himler,Senior Staff,52172
Weiyi,Meriste,Engineer,52153
Masanao,Bain,Engineer,52133
Fayez,Yeung,Senior Staff,52131
Paris,DeMori,Engineer,52112
Jagoda,Braunmuhl,Engineer,52043
Christfried,Apsitis,Senior Staff,51939
Younwoo,Maquelin,Senior Staff,51933
Dharmaraja,Stassinopoulos,Senior Staff,51818
Mart,Pagter,Engineer,51816
Shiv,Neimat,Senior Staff,51707
Lubomir,Nitsch,Engineer,51703
Nectarios,Chleq,Senior Staff,51673
Samphel,Siegrist,Engineer,51586
Brewster,Sinicrope,Engineer,51486
Nakhoon,Dengi,Senior Engineer,51401
Achilleas,Vendrig,Senior Engineer,51383
Radoslaw,Azevdeo,Senior Staff,51285
Arif,Merlo,Technique Leader,51258
Marsja,Vieri,Senior Staff,51178
Marin,Lanphier,Technique Leader,51168
Arie,Birge,Staff,51129
Leif,Gini,Senior Staff,51071
Nahum,Facello,Engineer,50982
Paloma,Thorelli,Engineer,50962
Jiann,Hainaut,Engineer,50962
Ziya,McConalogue,Staff,50907
Jingling,Schaaf,Senior Staff,50872
Avishai,Azadmanesh,Senior Engineer,50869
Godehard,Eiter,Staff,50741
Shai,Radivojevic,Senior Engineer,50704
Duke,Schnabel,Senior Staff,50675
Niranjan,Markovitch,Senior Staff,50638
Ibibia,Ozeki,Senior Staff,50623
Shahar,Pardalos,Engineer,50570
Valery,Litvinov,Staff,50568
Khaled,McClurg,Assistant Engineer,50562
Gad,Griswold,Engineer,50539
Jinxi,Baak,Engineer,50480
Martina,Quittner,Engineer,50466
Randy,Koshino,Staff,50426
Thanasis,Thebaut,Senior Staff,50395
Sandeepan,Yeung,Senior Staff,50394
Steve,Hutton,Engineer,50388
Serap,Etalle,Engineer,50330
Sven,Huttel,Senior Staff,50265
Mark,Coorg,Senior Engineer,50219
Yakkov,Servieres,Engineer,50094
Jordanka,Ushiama,Engineer,50052
Shigehiro,Cincotta,Engineer,49950
Kwan,Hellwagner,Staff,49948
Seongbin,Walston,Technique Leader,49895
Sumali,Fargier,Engineer,49879
Shietung,Billingsley,Engineer,49847
Haldon,Parascandalo,Technique Leader,49779
Xiaoqiang,Keustermans,Senior Staff,49739
Ramya,Baezner,Staff,49728
Kitty,Hanratty,Engineer,49633
Ebbe,Callaway,Engineer,49616
Peternela,Iwayama,Engineer,49593
Munir,Demeyer,Senior Staff,49593
Tomokazu,Foong,Engineer,49584
Dekang,Siegrist,Staff,49565
Koldo,Makinen,Engineer,49530
Yuichiro,Swick,Staff,49500
Harjit,Raoux,Engineer,49472
Berthier,Menhoudj,Engineer,49418
Jaewoo,Usery,Senior Engineer,49413
Yishay,Tzvieli,Engineer,49324
Abdelwaheb,Riesenhuber,Senior Staff,49292
Taisook,Litzler,Engineer,49262
Oguz,Gimbel,Staff,49168
Shih,Terlouw,Engineer,49130
Danny,Berendt,Senior Engineer,49082
Giao,Fendler,Engineer,49071
Nahla,Castellani,Engineer,49062
Vishu,Strehl,Engineer,49032
Kannan,Heemskerk,Assistant Engineer,49020
Aiichiro,Vilarrasa,Engineer,48959
Parviz,Lortz,Staff,48935
Domenick,Tempesti,Engineer,48859
Brendon,Bernini,Engineer,48857
Aran,Sadowsky,Engineer,48821
Hidefumi,Caine,Engineer,48817
Kerhong,Bernick,Senior Staff,48778
Mabo,Cusworth,Senior Staff,48774
Nigel,Aloisi,Senior Engineer,48770
Masaru,Cheshire,Engineer,48733
Kwangjo,Fiebach,Engineer,48695
Kazuhiro,Kushnir,Engineer,48633
Leen,Peek,Engineer,48606
Mihalis,Lowrie,Staff,48586
Marit,Veeraraghavan,Assistant Engineer,48584
Salvador,Lodder,Staff,48561
Zejun,Babb,Engineer,48537
Magdalena,Eldridge,Engineer,48475
Tomofumi,McClure,Staff,48428
Jeong,Reistad,Engineer,48426
Visit,Nyanchama,Senior Staff,48377
Bartek,Strooper,Staff,48342
Sanjai,Puppe,Engineer,48328
Tesuro,Bahk,Assistant Engineer,48302
Xumin,Peck,Engineer,48215
Elliott,Bednarek,Engineer,48210
Ottavia,Giarratana,Senior Staff,48179
Ebru,Chepyzhov,Engineer,48170
Sariel,Ertl,Engineer,48112
Zito,Moehrke,Assistant Engineer,48090
Pragnesh,Iisaka,Staff,48041
Sangeeta,Rodham,Senior Staff,48013
Panayotis,Feinberg,Senior Staff,47946
Bojan,Montemayor,Engineer,47883
Ymte,Yetto,Assistant Engineer,47840
Trygve,Zhang,Technique Leader,47733
Premsyl,Famili,Senior Staff,47724
Huei,Gargeya,Staff,47707
Yongqiao,Berztiss,Engineer,47585
Bader,Swan,Staff,47561
Leaf,Terkki,Senior Engineer,47542
Kirk,Vuskovic,Engineer,47541
Clyde,Vernadat,Senior Staff,47531
Oksana,Brodie,Senior Staff,47518
Youssef,Schaad,Engineer,47480
Leucio,Aumann,Engineer,47452
Peer,Hitomi,Technique Leader,47447
Zhiwei,Anick,Assistant Engineer,47423
Fen,Fiebach,Senior Staff,47420
Sachar,Erdi,Engineer,47377
Greger,Lichtner,Engineer,47338
Mori,Yavatkar,Senior Staff,47332
Erez,Ritzmann,Senior Engineer,47319
Shigeaki,Shanbhogue,Senior Engineer,47301
Shakhar,Oberman,Senior Staff,47294
Danel,Mondadori,Engineer,47280
Teruyuki,Sundgren,Engineer,47265
Morrie,Piazza,Engineer,47229
Baziley,Buchter,Engineer,47199
Kasturi,Jenevein,Engineer,47183
Zeljko,Schreiter,Engineer,47168
Jacqueline,Masand,Engineer,47119
Sukumar,Rassart,Senior Engineer,47093
Shuho,Badache,Technique Leader,46910
Alexius,Shrader,Assistant Engineer,46906
Vidya,Awdeh,Engineer,46879
Nechama,Schapiro,Senior Staff,46871
Xuejia,Ullian,Senior Staff,46836
Marjo,Isard,Staff,46814
Denny,Setia,Technique Leader,46745
Kristof,Staelin,Technique Leader,46737
Saniya,Kalloufi,Assistant Engineer,46671
Jianhao,Thisen,Engineer,46660
Pranjal,Billawala,Senior Engineer,46645
Piyawadee,Copas,Senior Staff,46644
Neelam,Kabayashi,Assistant Engineer,46637
Tooru,Warwick,Senior Engineer,46609
Chrisa,Narahara,Staff,46600
Slavian,Keirsey,Engineer,46600
Odinaldo,Prochazka,Engineer,46569
Takahito,Gecsei,Staff,46546
Kristine,Velardi,Senior Staff,46398
Yurii,Hammerschmidt,Assistant Engineer,46356
Zita,Minakawa,Engineer,46315
Armond,Fairtlough,Engineer,46292
Yifei,Driscoll,Senior Staff,46292
Bilhanan,Socorro,Senior Staff,46288
Serenella,Kawashima,Engineer,46286
Bodh,Ranta,Assistant Engineer,46275
Kagan,Besselaar,Staff,46270
Piyush,Garigliano,Engineer,46239
Kotesh,Liedekerke,Engineer,46204
Georg,Juneja,Engineer,46176
Berni,Genin,Engineer,46168
Bikash,Rusterholz,Engineer,46168
Keiichiro,Marzano,Engineer,46165
Guadalupe,Covnot,Engineer,46155
Moty,Kusakari,Engineer,46123
Flemming,Baezner,Engineer,46108
Subhash,Taubenfeld,Staff,46065
Berna,Skafidas,Engineer,45890
Aimee,Tokunaga,Engineer,45861
Akhilish,Milicia,Engineer,45806
Gro,Vendrig,Engineer,45665
Oscal,Fasbender,Senior Staff,45665
Rosine,Granlund,Staff,45523
Shan,Leivant,Engineer,45424
Vasilis,Standera,Senior Staff,45376
Sahrah,Demos,Senior Engineer,45364
Marsha,Tagansky,Engineer,45352
Xinyu,Warwick,Senior Staff,45312
Rosella,Bazzichi,Engineer,45307
Val,Kumaresan,Senior Staff,45258
Nahid,Chepyzhov,Assistant Engineer,45179
Snehasis,Dymetman,Engineer,45141
Atilio,McAlpine,Senior Staff,45118
Ishfaq,Krzyzanowski,Senior Staff,45092
Ramachenga,Kuhnemann,Technique Leader,45077
Jinya,Beidas,Senior Staff,44993
Kendra,Hofting,Senior Engineer,44978
Remzi,Waschkowski,Senior Staff,44886
Chaitali,Vandervoorde,Engineer,44852
Weiru,Pearson,Senior Staff,44788
Gennadi,Breugel,Engineer,44671
Claudi,Stavenow,Engineer,44642
Guttorm,Giaccio,Engineer,44625
Oscar,Peir,Senior Staff,44625
Minghong,Cannard,Senior Engineer,44531
Paraskevi,Luby,Assistant Engineer,44380
Lillian,Haddadi,Staff,44276
Yongmao,Pleszkun,Engineer,44274
Mani,Lorys,Engineer,44265
Dmitry,Matteis,Senior Engineer,44252
Heng,Kilgour,Staff,44229
Matk,Akazan,Assistant Engineer,44203
Doohun,Lienhardt,Assistant Engineer,44146
Mingdong,Stiles,Engineer,44107
Pranav,Furedi,Engineer,44076
Spyrose,Peak,Senior Staff,44035
Dayanand,Czap,Senior Engineer,44034
Miyeon,Macedo,Senior Staff,43991
Alenka,Smeets,Engineer,43965
Kenton,Garnham,Engineer,43948
Xiaobin,Duclos,Senior Staff,43944
Xiong,Varker,Staff,43931
Masako,Schiper,Technique Leader,43900
Xiaoheng,Sluis,Engineer,43898
Hatsukazu,Swist,Engineer,43878
Claude,Sanella,Engineer,43828
Gao,Dolinsky,Senior Engineer,43815
Tru,Segond,Assistant Engineer,43768
Stevo,Chenoweth,Senior Staff,43739
Kazuhiko,Bergere,Technique Leader,43693
Heather,Onuegbe,Technique Leader,43671
Venkatesan,Serot,Engineer,43666
Fun,Varman,Assistant Engineer,43658
Goncalo,Staudhammer,Engineer,43654
Michaela,Suwa,Senior Staff,43632
Eirik,Sidhu,Engineer,43598
Hongzhu,Chepyzhov,Assistant Engineer,43591
Aral,Erman,Staff,43514
Dulce,Kohling,Senior Engineer,43465
Tetsushi,Barvinok,Technique Leader,43405
Berry,Lung,Engineer,43394
Augustine,Schwabacher,Senior Staff,43393
Margo,Gronowski,Senior Engineer,43329
Randi,Cyre,Assistant Engineer,43324
Feiyu,Luft,Senior Staff,43270
Yinlin,Alpin,Senior Engineer,43255
Leni,Eppinger,Engineer,43219
Moti,Wixon,Engineer,43162
Hairong,Mellouli,Engineer,43149
Valeska,Birjandi,Staff,43063
Tsuneo,Akaboshi,Assistant Engineer,43014
Weijing,Bottner,Assistant Engineer,43003
Hideyuki,Merro,Senior Staff,42983
LiMin,Horswill,Engineer,42925
Mack,Marchesini,Senior Engineer,42913
Bedrich,Borovoy,Technique Leader,42907
Aksel,Alencar,Senior Engineer,42894
Kensei,Guenter,Staff,42853
Adamantios,Portugali,Senior Staff,42819
Munehiko,Ananiadou,Senior Engineer,42697
Vojin,Narwekar,Engineer,42688
Jaroslava,Babu,Senior Staff,42664
Seongbae,Kavraki,Staff,42654
Fai,Bale,Technique Leader,42634
Mohammed,Ananiadou,Engineer,42624
Weiye,Nitsche,Engineer,42551
Hatim,Koshiba,Assistant Engineer,42463
Debaprosad,Bakhtari,Senior Engineer,42434
Mary,Sluis,Staff,42365
Aluzio,Narlikar,Engineer,42347
Ohad,Esposito,Technique Leader,42284
Temple,Straney,Staff,42226
Bedir,Hartvigsen,Senior Staff,42081
Khue,Hinsberger,Engineer,42070
Kazuhisa,Ranta,Staff,42042
Zijian,Maginnis,Senior Staff,42023
Moss,Shanbhogue,Engineer,41971
Gritta,McDermid,Senior Engineer,41969
Isamu,Dahlbom,Engineer,41968
Susanta,Roccetti,Senior Engineer,41941
Zhilian,Brendel,Assistant Engineer,41900
Stafford,Kopetz,Senior Engineer,41840
Gretta,Baig,Staff,41835
Arvind,DuBourdieux,Engineer,41824
Guozhong,Zucker,Assistant Engineer,41785
Huai,Henseler,Senior Engineer,41777
Roselyn,Eickenmeyer,Engineer,41652
Krisda,Krogh,Assistant Engineer,41650
Przemyslawa,Oskamp,Engineer,41613
Alain,Chappelet,Engineer,41538
Suvo,Copas,Senior Staff,41508
Shigeo,Dulay,Engineer,41478
Sachio,Sluis,Engineer,41414
Angel,Mondadori,Engineer,41400
Akeno,McAffer,Senior Staff,41388
Horward,Cichocki,Engineer,41360
Jaber,Roison,Senior Engineer,41336
Herbert,Trachtenberg,Technique Leader,41311
Mohit,Spelt,Engineer,41280
Khalid,Erva,Engineer,41222
Shounak,Erman,Engineer,41215
Kristen,Kavvadias,Assistant Engineer,41213
Shigeu,Matzen,Engineer,41197
Leah,Anguita,Engineer,41183
Zeydy,Koshino,Engineer,41152
Ranga,Yeung,Engineer,41127
Elzbieta,Thimonier,Senior Staff,41062
Sadok,Setia,Senior Staff,41040
Conal,Henders,Senior Staff,41004
Shmuel,Juneja,Assistant Engineer,40973
Mingsen,Casley,Technique Leader,40919
Saeko,Porotnikoff,Staff,40904
Zhenhua,Magalhaes,Senior Engineer,40788
Khedija,Mitsuhashi,Engineer,40725
Sanjay,Litzkow,Engineer,40658
Monique,Doering,Staff,40651
Geraldo,Marwedel,Engineer,40583
Maria,Bauknecht,Senior Staff,40569
Irena,Reutenauer,Technique Leader,40529
Theirry,Yeung,Senior Engineer,40523
Krassimir,Erol,Assistant Engineer,40509
Toshiki,Muniz,Assistant Engineer,40401
Moriyoshi,Merey,Engineer,40380
Luisa,Plotkin,Staff,40324
Sadegh,Vural,Senior Staff,40251
Yannik,Murillo,Senior Staff,40220
Chirstian,Koblick,Engineer,40054
Adas,Nastansky,Senior Staff,40040
Parto,Bamford,Senior Engineer,40006
Kristin,Harnett,Engineer,40000
Kellie,Chinen,Staff,40000
Mayuko,Warwick,Engineer,40000
Mizuhito,Kemmerer,Engineer,40000
Janalee,Mellouli,Senior Staff,40000
Kamakshi,Decaestecker,Senior Staff,40000
Mohammad,Koshino,Engineer,40000
Bernice,Felcyn,Assistant Engineer,40000
Dietrich,DuCasse,Staff,40000
Kenroku,Malabarba,Senior Engineer,40000
Arco,Jervis,Senior Staff,40000
Jianhui,Zuberek,Engineer,40000
Remco,Reinhart,Engineer,40000
Kiyokazu,Whitcomb,Engineer,40000
Wilmer,Greenaway,Technique Leader,40000
Zhonghui,Zyda,Senior Engineer,40000
Fumiko,Asser,Engineer,40000
Turgut,Narlikar,Engineer,40000
Shalesh,dAstous,Senior Staff,40000
Maren,Hutton,Senior Staff,40000
Olivera,Maccarone,Engineer,40000
Vitali,Welham,Senior Staff,40000
Richara,Kinley,Staff,40000
Chikako,Schueller,Engineer,40000
Jinpo,Takkinen,Engineer,40000
Abdelaziz,Bisiani,Engineer,40000
Mats,Krupka,Senior Engineer,40000
Mohua,Falck,Engineer,40000
Danae,Grabner,Senior Staff,40000
Xuedong,Chiodo,Senior Staff,40000
Percy,Lorho,Senior Engineer,40000
Poorav,Ranze,Engineer,40000
Tze,Nourani,Assistant Engineer,40000
Ennio,Trogemann,Staff,40000
Uriel,Douceur,Engineer,40000
Masato,Setlzner,Engineer,40000
Basil,Tramer,Senior Staff,40000
Tomoyuki,Kermarrec,Engineer,40000
Ingemar,Schade,Staff,40000
Marek,Luck,Senior Engineer,40000
Aram,Gilg,Staff,40000
Ult,Farrar,Assistant Engineer,40000
Masamitsu,Katiyar,Engineer,40000
Genki,Jiang,Engineer,40000
Sreekrishna,Servieres,Engineer,40000
Tsutomu,Lalonde,Senior Staff,40000
Baruch,Eugenio,Engineer,40000
Chikara,Rissland,Staff,40000
Jayesh,Zaumen,Engineer,40000
Hausi,Sidhu,Engineer,40000
Etsuo,Gerteisen,Engineer,40000
Diederik,Siprelle,Engineer,40000
Abdulah,Thibadeau,Staff,40000
Yurij,Iisaka,Senior Staff,40000
Divine,Marzano,Senior Staff,40000
Hein,Swan,Engineer,40000
Mabhin,Leijenhorst,Senior Engineer,40000
Lene,Wallrath,Senior Engineer,40000
Genta,Kolvik,Senior Staff,40000
Nathalie,Standera,Staff,40000
Maik,Ushiama,Senior Staff,40000
Lucien,Rosenbaum,Senior Staff,40000
Gino,Leonhardt,Senior Engineer,40000
Ghassan,Srimani,Engineer,40000
Hsiangchu,Molenkamp,Engineer,40000
Juyoung,Seghrouchni,Senior Engineer,40000
Inderjeet,Jansen,Staff,40000
Otilia,Masamoto,Assistant Engineer,40000
Qingxiang,Snyers,Engineer,40000
Vatsa,Rousseau,Assistant Engineer,40000
Satoru,Otillio,Senior Staff,40000
Qiwen,Bressoud,Senior Staff,40000
Shigehito,Kropatsch,Staff,40000
Nadjib,Srimani,Senior Staff,40000
Anestis,Egerstedt,Senior Staff,40000
Bernd,Redmiles,Staff,40000
Feixiong,Cincotta,Assistant Engineer,40000
Amstein,Ghemri,Senior Staff,40000
Jasminko,Remmele,Technique Leader,40000
Werner,Hasham,Engineer,40000
Lein,Vendrig,Senior Staff,40000
Fabrizio,Gire,Senior Engineer,40000
Aria,Munos,Engineer,40000
Divier,Reistad,Engineer,40000
Mitsuyuki,Bojadziev,Engineer,40000
Navin,Restivo,Senior Staff,40000
Taizo,Oxman,Engineer,40000
Saddek,Gopalakrishnan,Staff,40000
Susanne,Jiang,Assistant Engineer,40000
Tianruo,Stasinski,Senior Staff,40000
Manton,Leuchs,Engineer,40000
Udaiprakash,Schmezko,Senior Staff,40000
Mariusz,Prampolini,Engineer,40000
Adhemar,Talmor,Senior Engineer,40000
Subir,Baja,Senior Engineer,40000
Conor,Cincotta,Senior Staff,40000
Yagil,DasSarma,Engineer,40000
Odoardo,Demke,Engineer,40000
Mechthild,Bonifati,Staff,40000
Uma,Koprowski,Engineer,40000
Felicidad,Auria,Senior Staff,40000
Jackson,Kakkad,Staff,40000
Dhritiman,Fontan,Engineer,40000
JiYoung,Chenney,Technique Leader,40000
Vasiliy,Kermarrec,Engineer,40000
Ronghao,Yavatkar,Assistant Engineer,40000
Arnould,Hofman,Engineer,40000
Heon,Riefers,Engineer,40000
Hercules,Benzmuller,Assistant Engineer,40000
Kankanahalli,Hinsberger,Engineer,40000
Marco,Iisaku,Senior Staff,40000
Jianwen,Brodie,Engineer,40000
Sakthirel,Bakhtari,Engineer,40000
Maia,Kawashima,Senior Staff,40000
Neven,Brender,Senior Staff,40000
Duri,Ranta,Engineer,40000
Sanjoy,Ranft,Senior Engineer,40000
Naftaly,Lorys,Senior Staff,40000
Lena,Broder,Senior Engineer,40000
Byong,Conde,Senior Engineer,40000
Hugh,Luca,Engineer,40000
Pantung,Honglei,Engineer,40000
Yuguang,Passino,Senior Staff,40000
Sivanarayana,Hiltgen,Senior Engineer,40000
Pradeep,Makrucki,Engineer,40000
Chenxi,Leijenhorst,Senior Engineer,40000
Mang,Erie,Senior Engineer,40000
Mads,Ossenbruggen,Senior Staff,40000
Honesty,Smeets,Engineer,40000
Barton,Jumpertz,Engineer,40000
Gunilla,Coney,Senior Engineer,40000
Masadi,Uhrik,Senior Staff,40000
Geoffry,Noriega,Engineer,40000
Stella,Hiroyama,Engineer,40000
Boguslaw,Matzen,Engineer,40000
Edwin,Rosti,Engineer,40000
Marsal,Range,Assistant Engineer,40000
Gill,Ponthieu,Senior Staff,40000
Cathie,Brlek,Senior Staff,40000
Chinho,Stamatiou,Senior Staff,40000
Golgen,Langford,Assistant Engineer,40000
Kolar,Usery,Technique Leader,40000
Barna,Fioravanti,Senior Staff,40000
Anwar,Nivat,Senior Engineer,40000
Shushma,VanScheik,Engineer,40000
Mantis,Petereit,Senior Staff,40000
Aiman,Riexinger,Technique Leader,40000
Khoa,Marrevee,Assistant Engineer,40000
Xuejun,Hempstead,Engineer,40000
Filipp,Suri,Senior Engineer,40000
Harngdar,Iisaku,Engineer,40000
Vishv,Zockler,Engineer,40000
Jaana,Veccia,Senior Staff,40000
Renee,Crelier,Senior Engineer,40000
Teunis,Liedekerke,Engineer,40000
Eran,Adachi,Engineer,40000
Fuqing,Figueira,Senior Engineer,40000
Nathan,Monkewich,Assistant Engineer,40000
Fumiyo,Esposito,Engineer,40000
Mikhail,Rosis,Engineer,40000
Gou,Breugel,Engineer,40000
Hilary,Budinsky,Assistant Engineer,40000
Mansur,Wynblatt,Technique Leader,40000
Sashi,Osgood,Engineer,40000
Arve,Fairtlough,Engineer,40000
Phuoc,Skogmar,Engineer,40000
Alassane,Iwayama,Technique Leader,40000
Chandrasekaran,Lampe,Senior Staff,40000
Aamer,Fraisse,Senior Engineer,40000
Jessie,Lung,Staff,40000
Guoxiang,Nooteboom,Senior Staff,40000
Adit,Carrera,Assistant Engineer,40000
Karsten,Joslin,Engineer,40000
Udi,Jansch,Staff,40000
Guangming,Jonsson,Staff,40000
Caolyn,Ranai,Staff,40000
Alois,Dulli,Engineer,40000
Adil,Taubenfeld,Engineer,40000
Falguni,Erie,Staff,40000
Shaibal,Staudhammer,Engineer,40000
Fox,Narahari,Engineer,40000
Christoph,Lanzelotte,Engineer,40000
Gila,Ozeri,Engineer,40000
Basant,Khalil,Technique Leader,40000
Chenye,Hertweck,Senior Staff,40000
Sasan,Yamaashi,Staff,40000
Jaques,Munro,Engineer,40000
Lansing,Maliniak,Engineer,40000
Ute,Gischer,Engineer,40000
Eckart,Barriga,Engineer,40000
Honglan,Harnett,Senior Staff,40000
Owen,Peak,Senior Engineer,40000
Steen,Escriba,Senior Staff,40000
Along,Miake,Assistant Engineer,40000
Yongmin,Roison,Technique Leader,40000
Barun,Harllee,Engineer,40000
Leandro,Speel,Engineer,40000
Patricio,Bridgland,Engineer,40000
Ayonca,Nitsch,Engineer,40000
Tsvetan,Matzel,Senior Staff,40000
Zengping,Bondorf,Senior Engineer,40000
Aruna,Journel,Staff,40000
Aloys,Baezner,Senior Staff,40000
Arfst,Mikschl,Staff,40000
Yonghoan,Marshall,Technique Leader,40000
Gregory,Fandrianto,Senior Engineer,40000
Mona,Azuma,Staff,40000
Kazunori,Vieth,Senior Staff,40000
Aloke,Mansanne,Engineer,40000
Subhada,Champarnaud,Technique Leader,40000
Geoff,Asrin,Engineer,40000
Erzsebet,Ohori,Engineer,40000
Sanjeeva,Perng,Engineer,40000
Babette,Lamba,Senior Staff,40000
Toney,Angiulli,Senior Engineer,40000
Shawna,Meriste,Engineer,40000
Siamak,Baar,Engineer,40000
Licheng,Kitai,Assistant Engineer,40000
Henk,Felder,Technique Leader,40000
Boalin,Byoun,Engineer,40000
Gor,Iacovou,Assistant Engineer,40000
Branimir,Luks,Engineer,40000
Phillip,Dratva,Senior Staff,40000
Moheb,Raney,Engineer,40000
Khun,Harbusch,Engineer,40000
Shaowen,Desikan,Staff,40000
Jiang,Hiroyama,Senior Staff,40000
Prasadram,Heyers,Technique Leader,40000
Patricia,dAstous,Senior Engineer,40000
Marke,Cesareni,Senior Staff,40000
Kauko,Birjandi,Engineer,40000
Sushant,Begiun,Engineer,40000
Heeju,Pardalos,Engineer,40000
Youjian,Kranzdorf,Senior Staff,40000
Zhaofang,Cochrane,Engineer,40000
Jovan,Sanella,Engineer,40000
Gully,Verhaegen,Engineer,40000
Wanqing,Bratten,Technique Leader,40000
Yuuichi,Debuse,Senior Staff,40000
Florina,Eugenio,Engineer,40000
Guiseppe,Stranks,Senior Engineer,40000
Sibyl,Nooteboom,Senior Engineer,40000
Sadun,Hennings,Engineer,40000
Jiafu,Mateescu,Engineer,40000
Yahiko,Lammel,Senior Staff,40000
Kasidit,Krzyzanowski,Engineer,40000
Gurbir,Hellwagner,Senior Engineer,40000
Yuping,Alpin,Senior Staff,40000
Aron,Wroclawski,Engineer,40000
Indrajit,Birdsall,Engineer,40000
Anneke,Preusig,Senior Engineer,40000
Odysseas,Ressouche,Assistant Engineer,40000
Chaosheng,Pettis,Assistant Engineer,40000
Kousuke,Luiz,Staff,40000
Shahaf,Famili,Engineer,40000
Yoshimitsu,Shobatake,Senior Staff,40000
Ramalingam,Gente,Staff,40000
Mayuri,Pollacia,Senior Staff,40000
Huan,Lortz,Senior Staff,40000
Chuanyi,Eppinger,Technique Leader,40000
Mayumi,Schueller,Senior Staff,40000
Tokuyasu,Serre,Senior Engineer,40000
Hisao,Lipner,Staff,40000
Katsuo,Miake,Engineer,40000
Xudong,Butner,Staff,40000
Lucian,Oxman,Senior Staff,40000
Chiranjit,Cairo,Engineer,40000
Dinah,Syrzycki,Senior Engineer,40000
Manu,Kulisch,Engineer,40000
Hitomi,Valette,Technique Leader,40000
Toshimo,Marakhovsky,Assistant Engineer,40000
Rosli,Hellwagner,Senior Engineer,40000
Ewing,Foong,Engineer,40000
Tadanori,Besselaar,Technique Leader,40000
Khatoun,Imataki,Engineer,40000
Adam,Cappelli,Engineer,40000
Vesna,Perfilyeva,Engineer,40000
Sedat,Lovengreen,Staff,40000
Martien,Improta,Senior Engineer,40000
Morris,Andreotta,Senior Engineer,40000
Hideo,Daescu,Senior Staff,40000
Adel,Perfilyeva,Engineer,40000
Leon,Trogemann,Engineer,40000
Manohar,Shinomoto,Staff,40000
Ziva,Delgrande,Senior Engineer,40000
Ortrud,Murillo,Senior Staff,40000
Terresa,Benantar,Staff,40000
Christoper,Schwaller,Engineer,40000
Toshimitsu,Larfeldt,Engineer,40000
Uzi,Kragelund,Senior Engineer,40000
Gen,Tiemann,Engineer,40000
Maha,Matteis,Engineer,40000
Mariangiola,Gulla,Assistant Engineer,40000
Surveyors,Besancenot,Staff,40000
Iara,Range,Assistant Engineer,40000
Eric,Lupu,Senior Staff,40000
Sigeru,Wynblatt,Engineer,40000
Miquel,Muhlberg,Staff,40000
Zdislav,Nastansky,Senior Engineer,40000
Ugo,Maliniak,Engineer,40000
Arvin,Roisin,Senior Staff,40000
Conrado,Michaeli,Senior Engineer,40000
Munehiro,Dayana,Senior Engineer,40000
Masaki,Hagimont,Engineer,40000
Nirmal,Varley,Senior Staff,40000
Florian,Syrotiuk,Engineer,40000
Satosi,Awdeh,Engineer,40000
Moie,Nannarelli,Staff,40000
Gianluca,Back,Engineer,40000
Mountaz,Schicker,Senior Staff,40000
Gilbert,Kobara,Senior Staff,40000
Hidekazu,Angel,Senior Staff,40000
Giri,Isaak,Engineer,40000
Alselm,Parascandalo,Technique Leader,40000
Wojceich,Constantine,Technique Leader,40000
Marl,Grospietsch,Senior Engineer,40000
Jeane,Tzvieli,Engineer,40000
Makato,Cusworth,Senior Staff,40000
Volkmar,Ebeling,Technique Leader,40000
Manibrata,Horswill,Assistant Engineer,40000
Nevio,Ritcey,Engineer,40000
Nimmagadda,Berztiss,Engineer,40000
Atreye,Ghandeharizadeh,Engineer,40000
Martine,Katzenelson,Staff,40000
Eberhardt,Terkki,Senior Staff,40000
Shirish,Wegerle,Engineer,40000
Ger,Moehrke,Technique Leader,40000
Dannz,Pell,Engineer,40000
Billur,Gyorkos,Engineer,40000
Kwangho,Theuretzbacher,Engineer,40000
Shay,Poulakidas,Technique Leader,40000
Waiman,Sewelson,Staff,40000
Martial,Siepmann,Staff,40000
Hugo,Rosis,Engineer,40000
Gil,Peroz,Assistant Engineer,40000
Nishit,Casperson,Senior Engineer,40000
Shin,Foote,Technique Leader,40000
Sungwon,Hofting,Technique Leader,40000
Filipe,Rathonyi,Engineer,40000
Lijia,Marchesini,Engineer,40000
Xiaoshan,Ratnaker,Senior Staff,40000
Fumitake,Benzmuller,Engineer,40000
Jamaludin,Benzaken,Engineer,40000
Idoia,Kavraki,Engineer,40000
Mong,Dalphin,Engineer,40000
Kwok,Massonet,Staff,40000
Sarita,Birch,Staff,40000
Kensyu,Gopalakrishnan,Senior Engineer,40000
Renny,Pramanik,Senior Staff,40000
Shaunak,Cullers,Engineer,40000
Rosalie,Larfeldt,Engineer,40000
Howell,Baek,Senior Engineer,40000
Malu,Skafidas,Engineer,40000
Masali,Murrill,Engineer,40000
Macha,Lores,Senior Staff,40000
Amabile,Gomatam,Engineer,40000
Kwun,Radhakrishnan,Assistant Engineer,40000
Lunjin,Giveon,Staff,40000
Boutros,Simkin,Assistant Engineer,40000
Shuzo,Sudkamp,Senior Staff,40000
Kayoko,Valtorta,Senior Staff,40000
Chiradeep,Furedi,Engineer,40000
Mabry,Llado,Engineer,40000
Evgueni,Srimani,Assistant Engineer,40000
Fay,Aseltine,Senior Staff,40000
Vugranam,Kakkad,Engineer,40000
Paddy,Brizzi,Senior Engineer,40000
Elgin,Gihr,Engineer,40000
Basem,Teitelbaum,Senior Engineer,40000
Alejandro,Brender,Senior Staff,40000
Ashish,Fortenbacher,Engineer,40000
Youpyo,Heuter,Engineer,40000
Jenwei,Ecklund,Senior Engineer,40000
Hironoby,Sidou,Engineer,40000
Shimshon,Champarnaud,Engineer,40000
Marlo,Zschoche,Senior Engineer,40000
Fumiya,Kisuki,Technique Leader,40000
Cordelia,Axelband,Engineer,40000
Shigenori,Rabehasaina,Senior Engineer,40000
Feipei,Schusler,Senior Engineer,40000
Danil,Deverell,Staff,40000
Chinhyun,Coombs,Senior Staff,40000
Ingmar,Ginesta,Senior Staff,40000
Utpal,Krohn,Senior Engineer,40000
Ziyad,Passafiume,Senior Staff,40000
Deniz,Duclos,Engineer,40000
Franziska,Yavatkar,Senior Staff,40000
Ferdinand,Chenney,Senior Engineer,40000
Annemarie,Redmiles,Engineer,40000
Boaz,Mukaidono,Staff,40000
